name,user,discription,star,update time,distance,url
awesome-security,sbilly,A collection of awesome software,7800,2022-02-11T09:26:53Z,0.030979800862506342,https://github.com/sbilly/awesome-security
awesome-web-security,qazbnm456,A curated list of Web Security materials and resources.,6800,2022-02-03T03:20:44Z,0.05359424150177575,https://github.com/qazbnm456/awesome-web-security
android-security-awesome,ashishb,A collection of android security related resources,5900,2022-02-10T01:23:07Z,0.034639935312024354,https://github.com/ashishb/android-security-awesome
awesome-vehicle-security,jaredthecoder,A curated list of resources for learning about vehicle security and car hacking.,2000,2022-02-14T20:57:08Z,0.02144736174530695,https://github.com/jaredthecoder/awesome-vehicle-security
awesome-windows-kernel-security-development,ExpLife0011,windows kernel security development,1400,2022-02-18T05:53:52Z,0.012207001522070016,https://github.com/ExpLife0011/awesome-windows-kernel-security-development
awesome-mobile-security,vaib25vicky,An effort to build a single place for all useful android and iOS security related stuff. All references and tools bel,1900,2021-06-03T22:10:29Z,0.722677669964485,https://github.com/vaib25vicky/awesome-mobile-security
awesome-security-hardening,decalage2,A collection of awesome security hardening guides,1800,2022-01-22T22:59:07Z,0.08422897640791477,https://github.com/decalage2/awesome-security-hardening
awesome-sec-talks,PaulSec,A collected list of awesome security talks,3500,2021-04-09T08:58:04Z,0.8748702435312025,https://github.com/PaulSec/awesome-sec-talks
Awesome-Hacking,Hack-with-Github,A collection of various awesome lists for hackers,49500,2022-02-17T22:31:19Z,0.013048991628614916,https://github.com/Hack-with-Github/Awesome-Hacking
awesome-industrial-control-system-security,hslatman,A curated list of resources related to Industrial Control System,991,2022-02-12T16:17:36Z,0.02745865043125317,https://github.com/hslatman/awesome-industrial-control-system-security
awesome-nodejs-security,lirantal,Awesome Node.js Security resources,1900,2022-02-14T17:58:39Z,0.02178697361745307,https://github.com/lirantal/awesome-nodejs-security
awesome-golang-security,guardrailsio,Awesome Golang Security resources,1600,2021-12-06T03:56:51Z,0.21516939370877727,https://github.com/guardrailsio/awesome-golang-security
Awesome-AI-Security,DeepSpaceHarbor,,1100,2020-04-25T23:00:36Z,1.829431665398275,https://github.com/DeepSpaceHarbor/Awesome-AI-Security
Awesome-Security-Gists,Hack-with-Github,A collection of various GitHub gists for hackers,761,2017-11-04T13:32:28Z,4.304485191527143,https://github.com/Hack-with-Github/Awesome-Security-Gists
awesome-api-security,arainho,A collection of awesome API Security tools and resources. The focus goes to open-source tools and resources that bene,1100,2022-02-13T21:42:14Z,0.02410131278538813,https://github.com/arainho/awesome-api-security
awesome-cyber-security,fabionoth,A collection of awesome software,922,2022-02-18T01:11:01Z,0.012745180111618468,https://github.com/fabionoth/awesome-cyber-security
awesome-k8s-security,magnologan,A curated list for Awesome Kubernetes Security resources,1300,2022-02-17T18:58:19Z,0.013454274479959411,https://github.com/magnologan/awesome-k8s-security
awesome-cloud-security,4ndersonLin,Awesome Cloud Security Resources,875,2022-02-20T07:17:12Z,0.006569032217148656,https://github.com/4ndersonLin/awesome-cloud-security
awesome-android-security,saeidshirazi,A curated list of Android Security materials and resources For Pentesters and Bug Hunters,875,2022-01-02T19:02:17Z,0.13947412480974125,https://github.com/saeidshirazi/awesome-android-security
awesome-security-weixin-official-accounts,DropsOfZut,网络安全类公众号推荐,1000,2022-02-22T00:32:48Z,0.0018589865550481988,https://github.com/DropsOfZut/awesome-security-weixin-official-accounts
awesome-python-security,guardrailsio,Awesome Python Security resources,796,2021-09-22T06:01:19Z,0.420412068746829,https://github.com/guardrailsio/awesome-python-security
osx-and-ios-security-awesome,ashishb,OSX and iOS related security tools,877,2022-01-11T13:29:57Z,0.11544891552511416,https://github.com/ashishb/osx-and-ios-security-awesome
awesome-cyber-security,xrkk,Moved to,247,2019-11-25T12:44:39Z,2.2470419520547944,https://github.com/xrkk/awesome-cyber-security
awesome-ethereum-security,crytic,A curated list of awesome Ethereum security references,636,2022-02-21T11:36:28Z,0.0033360603754439373,https://github.com/crytic/awesome-ethereum-security
awesome-php-security,guardrailsio,Awesome PHP Security Resources,769,2021-09-22T08:37:36Z,0.42011472602739725,https://github.com/guardrailsio/awesome-php-security
osx-security-awesome,kai5263499,A collection of OSX and iOS security resources,587,2022-01-11T12:52:06Z,0.11552092846270928,https://github.com/kai5263499/osx-security-awesome
awesome-embedded-and-iot-security,fkie-cad,A curated list of awesome embedded and IoT security resources.,741,2021-08-17T09:04:06Z,0.5186944444444445,https://github.com/fkie-cad/awesome-embedded-and-iot-security
awesome-kubernetes-security,ksoclabs,A curated list of awesome Kubernetes security resources,538,2021-12-14T16:58:42Z,0.1917640791476408,https://github.com/ksoclabs/awesome-kubernetes-security
awesome-serverless-security,puresec,A curated list of awesome serverless security resources such as,440,2021-12-14T15:05:48Z,0.19197888127853882,https://github.com/puresec/awesome-serverless-security
awesome-windows-security-development,howknows,awesome-windows-security-development,155,2018-03-15T07:10:19Z,3.946308219178082,https://github.com/howknows/awesome-windows-security-development
awesome-security-collection,alphaSeclab,1000,195,2021-09-02T12:11:44Z,0.47450187087772705,https://github.com/alphaSeclab/awesome-security-collection
awesome-firmware-security,PreOS-Security,Awesome Firmware Security,498,2019-07-24T08:08:00Z,2.5872943619989854,https://github.com/PreOS-Security/awesome-firmware-security
awesome-nginx-security,wallarm,A curated list of awesome links related to application security related to the environments with NGINX or Kubernete,512,2020-09-25T23:14:06Z,1.4102279934043633,https://github.com/wallarm/awesome-nginx-security
awesome-aws-security,jassics,Curated list of links,241,2022-01-13T17:22:31Z,0.10952704845256216,https://github.com/jassics/awesome-aws-security
awesome-windows-domain-hardening,PaulSec,A curated list of awesome Security Hardening techniques for Windows.,1400,2020-01-07T19:56:18Z,2.1284125443937087,https://github.com/PaulSec/awesome-windows-domain-hardening
awesome-opensource-security,CaledoniaProject,A list of interesting open-source tools,242,2022-02-20T12:33:08Z,0.005968036529680365,https://github.com/CaledoniaProject/awesome-opensource-security
Awesome-Cyber-Security-List,emtuls,NULL,179,2021-12-06T11:57:28Z,0.2142550735667174,https://github.com/emtuls/Awesome-Cyber-Security-List
awesome-dotnet-security,guardrailsio,Awesome .NET Security Resources,399,2022-01-19T11:38:23Z,0.09374343607305936,https://github.com/guardrailsio/awesome-dotnet-security
awesome-docker-security,myugan,A curated list of awesome Docker security resources,340,2022-02-19T15:49:02Z,0.008335045662100457,https://github.com/myugan/awesome-docker-security
awesome-windows-security,chryzsh,List of Awesome Windows Security Resources,224,2019-11-18T17:49:29Z,2.2656401255707763,https://github.com/chryzsh/awesome-windows-security
awesome-ruby-security,pxlpnk,Awesome Ruby Security resources,401,2021-11-16T01:23:00Z,0.27025675418569256,https://github.com/pxlpnk/awesome-ruby-security
sec-paper,secdr,awesome security paper,144,2015-10-03T04:10:50Z,6.39596483384069,https://github.com/secdr/sec-paper
awesome-go-security,Binject,A dedicated place for cool golang security projects,347,2021-07-07T17:08:27Z,0.6301017884322679,https://github.com/Binject/awesome-go-security
awesome-security-trivia,qazbnm456,Security Trivia that rare people know.,129,2019-12-07T16:39:07Z,2.2137192415017757,https://github.com/qazbnm456/awesome-security-trivia
awesome-security-GRC,Arudjreis,Curated list of resources for security Governance,203,2021-11-26T12:09:31Z,0.24162943937087772,https://github.com/Arudjreis/awesome-security-GRC
awesome-container-security,kai5263499,Awesome list of resources related to container security,167,2020-06-27T19:06:13Z,1.6572749873160832,https://github.com/kai5263499/awesome-container-security
awesome-cryptocurrency-security,nongiach,Curated list about cryptocurrency security,165,2020-01-12T02:19:27Z,2.116724695585997,https://github.com/nongiach/awesome-cryptocurrency-security
awesome-web-security,WangYihang,Some notes and impressive articles of Web Security,72,2020-05-12T17:02:40Z,1.7835374492643328,https://github.com/WangYihang/awesome-web-security
awesome-java-security,guardrailsio,Awesome Java Security Resources,255,2021-09-22T06:04:05Z,0.42040690005073567,https://github.com/guardrailsio/awesome-java-security
awesome-cloud-security,Funkmyster,Curated list of awesome cloud security blogs,135,2021-08-03T20:54:03Z,0.5556999619482497,https://github.com/Funkmyster/awesome-cloud-security
awesome-cloud-native-security,Metarget,awesome resources about cloud native security,178,2021-12-19T10:36:33Z,0.17879264967021816,https://github.com/Metarget/awesome-cloud-native-security
awesome-ios-security-cn,satan1a,iOS安全资料整理,115,2020-05-24T12:59:26Z,1.7511235413495687,https://github.com/satan1a/awesome-ios-security-cn
awesome-wifi-security,edelahozuah,A collection of awesome resources related to 802.11 security,106,2019-04-10T16:47:06Z,2.873978056823947,https://github.com/edelahozuah/awesome-wifi-security
Awesome-Security-Tool-List,tina1998612,This is a list of security tools that I have used or recommend. Welcome any contributions,256,2021-01-31T03:49:13Z,1.0617594178082193,https://github.com/tina1998612/Awesome-Security-Tool-List
awesome-django-security,vintasoftware,A collection of Django security-related tools and libs.,131,2021-11-19T12:26:21Z,0.2607755263825469,https://github.com/vintasoftware/awesome-django-security
awesome-security-audits,pomerium,A collection of public security audits.,190,2019-12-03T21:41:23Z,2.2241030885337394,https://github.com/pomerium/awesome-security-audits
awesome-application-security,shmilylty,awesome application security chinese version,66,2017-04-08T18:54:27Z,4.879215214358194,https://github.com/shmilylty/awesome-application-security
awesome-azure-security,kmcquade,A curated list of awesome Microsoft Azure Security tools,90,2021-01-24T17:39:42Z,1.079357432775241,https://github.com/kmcquade/awesome-azure-security
awesome-gateway-security,DarrenJiang1990,NULL,52,2019-06-30T08:48:28Z,2.652970890410959,https://github.com/DarrenJiang1990/awesome-gateway-security
awesome-java-security-checklist,we1h0,awesome-java-security-checklist,82,2019-12-03T03:53:16Z,2.2261352739726026,https://github.com/we1h0/awesome-java-security-checklist
awesome-mythx-smart-contract-security-tools,b-mueller,A curated list of resources and tools for the MythX smart contract security API,155,2020-06-15T13:59:18Z,1.6907356988838154,https://github.com/b-mueller/awesome-mythx-smart-contract-security-tools
awesome-security-checklist,mostafahussein,If you,97,2016-03-30T14:17:23Z,5.9043999238964995,https://github.com/mostafahussein/awesome-security-checklist
awesome-bluetooth-security,engn33r,List of Bluetooth BR,151,2021-09-01T22:24:22Z,0.47607613521055303,https://github.com/engn33r/awesome-bluetooth-security
awesome-security-newsletters,TalEliyahu,Periodic cyber security newsletters that capture the latest news,145,2022-02-14T11:37:31Z,0.0225123033992897,https://github.com/TalEliyahu/awesome-security-newsletters
awesome-cicd-security,myugan,A curated list of awesome CI CD security resources,103,2022-02-20T04:04:02Z,0.006936738964992389,https://github.com/myugan/awesome-cicd-security
awesome-ocap,dckc,Awesome Object Capabilities and Capability Security,250,2022-01-20T21:21:23Z,0.08989459665144596,https://github.com/dckc/awesome-ocap
HackingTools-2,ByteHackr,A collection of awesome lists for hackers,130,2021-11-02T09:00:58Z,0.30774169203450025,https://github.com/ByteHackr/HackingTools-2
awesome-korea-security-paper,codeengn,Introduces Republic of Korea,61,2020-07-21T02:01:20Z,1.5934715880263826,https://github.com/codeengn/awesome-korea-security-paper
Awesome-Platforms,We5ter,A curated list of awesome security platforms,204,2020-03-09T04:36:35Z,1.9602994989852867,https://github.com/We5ter/Awesome-Platforms
Awesome-Application-Security-Checklist,MahdiMashrur,Checklist of the most important security countermeasures when designing,65,2020-04-10T10:15:26Z,1.8719835743277524,https://github.com/MahdiMashrur/Awesome-Application-Security-Checklist
awesome-zero-trust,pomerium,A curated collection of awesome resources for the zero-trust security model.,586,2022-02-04T15:51:19Z,0.049426750380517505,https://github.com/pomerium/awesome-zero-trust
Awesome-SOAR,correlatedsecurity,A curated Cyber,350,2021-03-26T02:09:07Z,0.9140047564687975,https://github.com/correlatedsecurity/Awesome-SOAR
awesome-fuzzing,cpuu,A curated list of awesome Fuzzing,508,2022-01-30T18:38:46Z,0.06280679223744293,https://github.com/cpuu/awesome-fuzzing
android-security-awesome,NetKingJ,A Collection of Android,48,2022-02-20T06:46:21Z,0.006627980720446474,https://github.com/NetKingJ/android-security-awesome
awesome-security,mbcrump,A collection of awesome ethical hacking and security related content,45,2021-03-24T16:31:26Z,0.917843575596144,https://github.com/mbcrump/awesome-security
awesome-csirt,Spacial,Awesome CSIRT is an curated list of links and resources in security and CSIRT daily activities.,226,2022-02-20T18:59:00Z,0.005234049974632167,https://github.com/Spacial/awesome-csirt
awesome-security-feed,mrtouch93,A semi-curated list of Security Feeds,63,2021-10-24T08:37:37Z,0.3324436834094368,https://github.com/mrtouch93/awesome-security-feed
Windows-10-batch-optimizer,SeregaSPb,Autotuner Windows 10 for awesome perfomance setting,60,2022-02-06T09:32:43Z,0.04466761796042618,https://github.com/SeregaSPb/Windows-10-batch-optimizer
bookmarks,clouded-eas,all things awesome security,12,2016-01-11T06:32:17Z,6.121723236935566,https://github.com/clouded-eas/bookmarks
awesome-electronjs-hacking,doyensec,A curated list of awesome resources about Electron.js,322,2021-11-12T14:05:40Z,0.2797647450532724,https://github.com/doyensec/awesome-electronjs-hacking
Spring-Boot-starter,savicprvoslav,Spring boot project with preconfigured JPA,235,2020-12-23T09:52:56Z,1.1679168569254186,https://github.com/savicprvoslav/Spring-Boot-starter
awesome-web-security,cyberheartmi9,NULL,21,2017-10-14T16:40:53Z,4.361661244292238,https://github.com/cyberheartmi9/awesome-web-security
awesome-rails-security,0xedward,A curated list of security resources for a Ruby on Rails application,35,2021-03-27T20:40:08Z,0.9091512557077626,https://github.com/0xedward/awesome-rails-security
AwesomeSecurityStandardsList,MarkStanhope,Awesome List for Security Standards,20,2018-07-20T08:17:08Z,3.598236111111111,https://github.com/MarkStanhope/AwesomeSecurityStandardsList
Awesome-CyberSec-Resources,theepiccode,An awesome collection of curated Cyber Security resources,63,2021-11-01T07:34:36Z,0.31064580162354133,https://github.com/theepiccode/Awesome-CyberSec-Resources
Awesome-Blockchain-Security,xxxeyJ,A collection of awesome resources,43,2021-12-28T17:18:12Z,0.153371067985794,https://github.com/xxxeyJ/Awesome-Blockchain-Security
awesome-blockchain-security,chainflag,A curated list of awesome things related to Blockchain security,16,2021-10-23T17:11:58Z,0.33420484525621513,https://github.com/chainflag/awesome-blockchain-security
list-infosec-encyclopedia,GoVanguard,A list of information security related awesome lists and other resources.,113,2021-07-25T14:14:42Z,0.5811174530695079,https://github.com/GoVanguard/list-infosec-encyclopedia
awesome-rtc-hacking,EnableSecurity,a list of awesome resources related to security and hacking of VoIP,152,2022-02-09T06:44:56Z,0.036767694063926944,https://github.com/EnableSecurity/awesome-rtc-hacking
InfoSec101,SarthakRout,Collection of awesome resources for beginners on cyber security,4,2021-07-15T17:48:47Z,0.608107401065449,https://github.com/SarthakRout/InfoSec101
awesome-websocket-security,PalindromeLabs,Awesome information for WebSockets security research,39,2022-01-10T16:57:24Z,0.11779423515981735,https://github.com/PalindromeLabs/awesome-websocket-security
awesome-lockpicking,fabacab,A curated list of awesome guides,813,2021-03-06T20:29:55Z,0.9667049720953831,https://github.com/fabacab/awesome-lockpicking
awesome-tls-security,edelahozuah,A collection of,32,2017-04-03T12:03:48Z,4.893695300608828,https://github.com/edelahozuah/awesome-tls-security
awesome-web3-security,kareniel,A curated list of resources about web3 security,31,2022-02-18T03:31:15Z,0.01247869101978691,https://github.com/kareniel/awesome-web3-security
awesome-security-analytics,caliskanfurkan,A repo for security analytics,18,2018-09-25T17:59:52Z,3.413565797818366,https://github.com/caliskanfurkan/awesome-security-analytics
awesome-frontend-security,rustcohlnikov,A curated list of tools,50,2019-10-26T16:38:09Z,2.3287897640791475,https://github.com/rustcohlnikov/awesome-frontend-security
security-awesome,por7er,NULL,15,2020-06-02T02:55:05Z,1.7276159944190765,https://github.com/por7er/security-awesome
awesome-sdn-security,lopezalvar,Collection of SDN security related resources,20,2019-07-16T20:25:05Z,2.607810058346017,https://github.com/lopezalvar/awesome-sdn-security
awesome-security-python-training,jaegeral,This repo will turn into a list of training materials for python starters with focus on security,11,2018-11-21T09:49:41Z,3.258334030948757,https://github.com/jaegeral/awesome-security-python-training
https-github.com-ExpLife0011-awesome-windows-kernel-security-development,pr0code,NULL,30,2018-09-24T09:12:11Z,3.4173094875697614,https://github.com/pr0code/https-github.com-ExpLife0011-awesome-windows-kernel-security-development
awesome-cybersec,theredditbandit,A collection of awesome platforms,100,2021-08-08T14:57:40Z,0.5426796042617961,https://github.com/theredditbandit/awesome-cybersec
Awesome-Deception,tolgadevsec,An awesome list of resources on deception-based security with honeypots and honeytokens,60,2022-02-10T16:04:41Z,0.03296305809233892,https://github.com/tolgadevsec/Awesome-Deception
awesome-security-articles,irgoncalves,This repository contains links to awesome security articles.,25,2021-11-30T02:41:54Z,0.23175072932521562,https://github.com/irgoncalves/awesome-security-articles
Awesome-Software-Supply-Chain-Security,Vancir,Awesome materials for software supply chain security,11,2020-05-13T07:36:00Z,1.7818761098427194,https://github.com/Vancir/Awesome-Software-Supply-Chain-Security
AwesomeMoroccanHackers,RyouYoo,An Awesome List of Moroccan Cyber Security Researchers,65,2022-02-14T21:59:34Z,0.02132898909183156,https://github.com/RyouYoo/AwesomeMoroccanHackers
awesome-programming-books,zero-equals-false,A curated list of awesome programming books,1600,2022-02-17T16:23:19Z,0.013749556062912227,https://github.com/zero-equals-false/awesome-programming-books
awesome-rust-security,ex0dus-0x,Curated list of awesome projects and resources related to Rust and computer security,17,2022-01-28T02:04:40Z,0.070177733384069,https://github.com/ex0dus-0x/awesome-rust-security
Awesome-Hacking,Muhammd,A collection of various awesome lists for hackers,21,2019-02-26T14:15:20Z,2.9920752473363774,https://github.com/Muhammd/Awesome-Hacking
awesome-xmpp,systemli,A curated list of amazingly awesome XMPP server,48,2019-12-14T09:14:49Z,2.195386732623034,https://github.com/systemli/awesome-xmpp
awesome-sec-challenges,mikeprivette,A curated list of Awesome Security Challenges.,33,2022-01-27T13:47:43Z,0.07157984525621512,https://github.com/mikeprivette/awesome-sec-challenges
Awesome-Security-Books,jweny,一个搬运工项目,11,2021-09-24T10:26:10Z,0.4144290969051243,https://github.com/jweny/Awesome-Security-Books
blockchain-security-awesome,shakenetwork,区块链安全专题智库,9,2018-06-12T03:07:27Z,3.7029350266362253,https://github.com/shakenetwork/blockchain-security-awesome
Awesome-Blockchain-Security,Aloneposix,区块链安全学习资料汇总,8,2021-06-10T02:43:08Z,0.7057210172501268,https://github.com/Aloneposix/Awesome-Blockchain-Security
awesome-blockchain-security,nachobonilla,The purpose of this document is to gather public information on vulnerabilities introduced on Blockchains software.,8,2019-11-13T17:18:04Z,2.2793988457635717,https://github.com/nachobonilla/awesome-blockchain-security
awesome-cyber-security,okhosting,A curated list of cyber security resources and tools.,18,2021-11-05T21:37:41Z,0.2980829845256215,https://github.com/okhosting/awesome-cyber-security
Awesome-Cloud-Security,NextSecurity,Awesome curate list of cyber security penetration testing tools for Cloud Security mainly AWS,7,2021-04-18T18:03:33Z,0.8491753234398782,https://github.com/NextSecurity/Awesome-Cloud-Security
awesome-cloud-sec,RyanJarv,Awesome list for cloud security related projects,15,2022-02-05T08:53:57Z,0.04748125951293759,https://github.com/RyanJarv/awesome-cloud-sec
kubernetes-security-checklist,krol3,Awesome resources about Security in Kubernetes,15,2021-07-30T16:29:46Z,0.567161973617453,https://github.com/krol3/kubernetes-security-checklist
awesome-aws-security,coffeewithayman,A carefully curated list of open source projects aimed at improving your AWS security posture,17,2019-05-30T22:10:26Z,2.736376839167935,https://github.com/coffeewithayman/awesome-aws-security
awesome-controls,trevorbryant,A collection of awesome security controls mapping for solutions across frameworks.,34,2020-06-01T17:13:14Z,1.7287231100963978,https://github.com/trevorbryant/awesome-controls
awesome-opsec,RichardLitt,Awesome Operational Security resources,11,2016-12-02T16:22:19Z,5.227450152207002,https://github.com/RichardLitt/awesome-opsec
Cyber-Security-Dataset-collections,Hackinfinity,Awesome Cyber-Security Data-sets Collection,12,2018-08-30T18:56:20Z,3.484691368594622,https://github.com/Hackinfinity/Cyber-Security-Dataset-collections
audio-security-awesome,kai5263499,Assortment of resources related to audio security,4,2021-10-31T11:25:04Z,0.31294720319634706,https://github.com/kai5263499/audio-security-awesome
awesome-web-security-interview,jiet07,Web基础漏洞,2,2021-08-07T03:44:04Z,0.5467010083713851,https://github.com/jiet07/awesome-web-security-interview
awesome-web-security,Muhammd,NULL,3,2018-07-29T21:26:48Z,3.572076325469305,https://github.com/Muhammd/awesome-web-security
awesomes,hktalent,awesome,11,2018-07-06T06:45:38Z,3.6367665208016233,https://github.com/hktalent/awesomes
Awesome-Security-Resources,Johnson90512,This repository is for tools,31,2021-01-13T12:55:06Z,1.1100361808726535,https://github.com/Johnson90512/Awesome-Security-Resources
awesome-atm-security,0x90,ATM security list,6,2020-08-10T06:53:47Z,1.538120877727042,https://github.com/0x90/awesome-atm-security
container-security-awesome,kai5263499,NULL,6,2019-03-07T16:22:07Z,2.9671765601217657,https://github.com/kai5263499/container-security-awesome
awesome-telco-security,Lofmir,A list of telco security resources and projects.,6,2020-02-22T01:18:56Z,2.004511383815322,https://github.com/Lofmir/awesome-telco-security
awesome-es,sduff,A collection of awesome resources for Splunk Enterprise Security,9,2020-09-11T08:00:04Z,1.4503235667174024,https://github.com/sduff/awesome-es
blockchain-security-awesome,bcsecorg,NULL,20,2018-06-04T02:51:11Z,3.7248838470319634,https://github.com/bcsecorg/blockchain-security-awesome
awesome-blockchain-security-platforms,gokulsan,Blockchain Security Tools and Techniques - A Deep Dive to Virtual Machines,19,2019-06-09T09:02:14Z,2.7104792617960425,https://github.com/gokulsan/awesome-blockchain-security-platforms
awesome-dev-first-security,hp271,A curated collection of tools and resources for building security with a developer first approach.,16,2020-12-04T00:12:42Z,1.2210757864028412,https://github.com/hp271/awesome-dev-first-security
awesome-solidity-security,iskdrews,The purpose of this repo is to list all the related Research Papers focused on Smart-contracts security topics. As we,16,2021-10-04T04:53:18Z,0.38766520801623544,https://github.com/iskdrews/awesome-solidity-security
awesome-security-feeds,r1b,A curated list of awesome resources for tracking vulnerabilities in software,15,2017-05-04T03:19:24Z,4.80976166920345,https://github.com/r1b/awesome-security-feeds
awesome-security-videos,jaegeral,Several Videos that found to be awesome for cyber security.,3,2019-03-21T09:56:14Z,2.929554604261796,https://github.com/jaegeral/awesome-security-videos
awesome-cloud-security,Metarget,awesome resources about cloud security,14,2021-12-02T08:25:07Z,0.2256183726534754,https://github.com/Metarget/awesome-cloud-security
cryptocurrency-security-awesome,ashishb,Cryptocurrencies related Security resources,14,2020-03-15T09:41:40Z,1.9432809487569762,https://github.com/ashishb/cryptocurrency-security-awesome
pi-timolo,pageauc,Raspberry PI-TIMOLO,480,2022-02-21T22:50:07Z,0.002054826230339929,https://github.com/pageauc/pi-timolo
awe-spiring-security,aenichols,A curated list of awesome inspiring security resources,4,2022-01-16T03:28:22Z,0.10289535768645358,https://github.com/aenichols/awe-spiring-security
awesome-web-security-paper,splitline,Web security related academic papers collection,12,2021-09-09T11:20:38Z,0.4554214865550482,https://github.com/splitline/awesome-web-security-paper
awesome-security-testing,andriisoldatenko,Awesome Security testing collection,2,2015-08-25T14:38:24Z,6.501620560629123,https://github.com/andriisoldatenko/awesome-security-testing
angular-spa,giovannicandido,Angular security,6,2019-02-26T19:54:59Z,2.9914291920345004,https://github.com/giovannicandido/angular-spa
awesome-software-supply-chain-security,bureado,A compilation of resources in the software supply chain security domain,13,2022-02-21T05:04:13Z,0.004082857686453577,https://github.com/bureado/awesome-software-supply-chain-security
Awesome-Hacking,shakenetwork,收集整理的黑客工具A collection of various awesome lists for hackers,17,2017-09-12T13:01:21Z,4.449750412227296,https://github.com/shakenetwork/Awesome-Hacking
IoT-Security-awesome,Dado1513,NULL,2,2021-06-11T00:04:34Z,0.7032831050228311,https://github.com/Dado1513/IoT-Security-awesome
nixawk-awesome-security,r3p3r,NULL,2,2018-01-01T09:18:29Z,4.146064846524607,https://github.com/r3p3r/nixawk-awesome-security
Awesome-EOS-Security,hknio,A curated list of awesome EOS security tools and resources,8,2019-01-21T15:49:21Z,3.0905266679350585,https://github.com/hknio/Awesome-EOS-Security
awesome-redos-security,engn33r,List of RegEx DoS,7,2021-12-28T00:46:46Z,0.1552576103500761,https://github.com/engn33r/awesome-redos-security
AI-Security-Awesome,darkcodetop,收集了人工智能在网络安全领域的比赛,7,2020-02-21T14:44:44Z,2.0057181316590564,https://github.com/darkcodetop/AI-Security-Awesome
awesome-llvm-security,gmh5225,awesome llvm security,6,2022-02-21T17:05:55Z,0.0027097919837645863,https://github.com/gmh5225/awesome-llvm-security
Hack-Infinity,Hackinfinity,My collection of awesome resources,7,2018-08-31T10:42:56Z,3.48289050608828,https://github.com/Hackinfinity/Hack-Infinity
qazbnm456-awesome-web-security,mishmashclone,https,5,2020-10-10T22:03:47Z,1.3692663622526635,https://github.com/mishmashclone/qazbnm456-awesome-web-security
Awesome-Security-Tools,mickygough,A list of awesome security tools,4,2018-07-18T03:19:59Z,3.604281202435312,https://github.com/mickygough/Awesome-Security-Tools
awesome-security-services,doomguy,A compilation of awesome online security services.,4,2020-12-13T10:15:08Z,1.1952721651445966,https://github.com/doomguy/awesome-security-services
Awesome-S-P-in-Machine-learning,Billy1900,The awesome worldview of Privacy and Security issues in machine learning.,2,2021-09-05T08:18:30Z,0.4667269469812278,https://github.com/Billy1900/Awesome-S-P-in-Machine-learning
Awesome-Security-and-Privacy-in-Distributed-Learning,AdamWei-boop,A summay of existing works on security and privacy issues in distributed learning,5,2021-11-25T06:06:26Z,0.24506040715372907,https://github.com/AdamWei-boop/Awesome-Security-and-Privacy-in-Distributed-Learning
Network-security-datasets,anagamino,A comprehensive list of websites providing awesome datasets for research,4,2018-05-29T03:16:35Z,3.7412739726027398,https://github.com/anagamino/Network-security-datasets
awesome-security-analytics,cyber-ranger,A curated list of awesome and useful resources and tools related to security analytics,3,2019-06-01T09:44:53Z,2.7323160197869103,https://github.com/cyber-ranger/awesome-security-analytics
awesome-supply-chain-security,meta-fun,share supply chain security related projects,3,2022-02-20T09:48:20Z,0.00628209030948757,https://github.com/meta-fun/awesome-supply-chain-security
android-security-awesome,Fedex100,NULL,3,2017-03-24T17:35:09Z,4.920462423896499,https://github.com/Fedex100/android-security-awesome
awesome-5g-security,Metarget,awesome resources about 5G security,3,2021-12-22T05:09:30Z,0.17119615677321157,https://github.com/Metarget/awesome-5g-security
awesome-security-card-games,Karneades,A curated list of security card games.,3,2022-02-15T12:54:09Z,0.01962718797564688,https://github.com/Karneades/awesome-security-card-games
HackingTools-1,ByteHackr,A collection of awesome lists for hackers,7,2018-05-08T02:39:49Z,3.7988782026889902,https://github.com/ByteHackr/HackingTools-1
AwesomeSecurityNow,cas1m1r,Security Now Episodes Organized by Topic,2,2020-03-28T16:58:28Z,1.9068335870116693,https://github.com/cas1m1r/AwesomeSecurityNow
Javascript-Awesome-Packages,ekaone,,7,2021-09-19T03:03:59Z,0.4289692097919838,https://github.com/ekaone/Javascript-Awesome-Packages
Ressources,tzkuat,A list of several resources on different areas such as Security,57,2020-05-18T07:26:22Z,1.7681960299340436,https://github.com/tzkuat/Ressources
awesome-security,latour-gui,security tools list used for UNamur course INFOM119,2,2020-03-06T10:36:00Z,1.9678352359208524,https://github.com/latour-gui/awesome-security
awesome-security-websites,Learner0x5a,Useful websites for hackers,2,2021-03-01T11:47:09Z,0.98139849695586,https://github.com/Learner0x5a/awesome-security-websites
awesome_security_link,k3mlol,bookmark of good blog links and papers,2,2019-12-31T14:53:17Z,2.14816768138001,https://github.com/k3mlol/awesome_security_link
awesome-ios-security,besarism,A curated list of resources for learning how to code secure iOS apps. List contains articles,2,2020-12-05T17:07:54Z,1.2164047120750887,https://github.com/besarism/awesome-ios-security
awesome-product-security,dagheyman,A curated list of product security resources.,2,2022-01-28T06:31:32Z,0.06967024987316084,https://github.com/dagheyman/awesome-product-security
Awesome-Hacking-1,R0B1NL1N,A collection of various awesome lists for hackers,2,2018-03-12T09:41:39Z,3.954240043125317,https://github.com/R0B1NL1N/Awesome-Hacking-1
krwm-tools,axieax,Something Awesome Project for COMP6841 Extended Security Engineering and Cyber Security,4,2021-04-12T10:42:06Z,0.8664537988330796,https://github.com/axieax/krwm-tools
iOS-awesome-security-tools,Dado1513,NULL,2,2022-01-31T14:41:03Z,0.0605197234906139,https://github.com/Dado1513/iOS-awesome-security-tools
awesome-vehicle-security-and-safety,Asll666,A curated list of resources for learning about vehicle security and safety.,2,2019-07-10T08:02:24Z,2.6256617516489094,https://github.com/Asll666/awesome-vehicle-security-and-safety
awesome-industrial-control-system-security,raymondtestproject,有攻擊工具,2,2017-06-27T09:17:08Z,4.661136003297818,https://github.com/raymondtestproject/awesome-industrial-control-system-security
xx-sec,xx-sec,结合 awesome-security上的主流防护工具,13,2019-05-31T08:42:13Z,2.7351750380517506,https://github.com/xx-sec/xx-sec
awesome-cspm,kai5263499,Awesome assortment of resources about cloud security posture management,3,2020-08-23T12:18:55Z,1.5018860350076104,https://github.com/kai5263499/awesome-cspm
protect-your-privacy,vlvagerviwager,Privacy resources for the layperson. Highlights resources,23,2021-10-12T20:27:47Z,0.36396965372907153,https://github.com/vlvagerviwager/protect-your-privacy
Awesome-SecurityTelegram,nullfuzz-pentest,Awesome list telegram groups,0,2021-09-01T01:33:10Z,0.47845712836123794,https://github.com/nullfuzz-pentest/Awesome-SecurityTelegram
awesome-security-awesome,egrieco,A collection of awesome-,0,2021-07-05T05:37:36Z,0.6368961821410452,https://github.com/egrieco/awesome-security-awesome
AwesomeList_blockchain_security,0xResearch,Tool_tip_Security,0,2022-01-15T16:29:59Z,0.10414811643835617,https://github.com/0xResearch/AwesomeList_blockchain_security
AwesomeEpicSecurity,Wiz8910,AES,0,2016-12-12T21:35:58Z,5.19945636732623,https://github.com/Wiz8910/AwesomeEpicSecurity
awesome-security,zbryikt,NULL,1,2019-04-20T08:06:30Z,2.8475717909690514,https://github.com/zbryikt/awesome-security
awesome-security,ajino2k,NULL,0,2018-05-21T15:51:34Z,3.7617554540842213,https://github.com/ajino2k/awesome-security
awesome-security,EvilHat,NULL,0,2016-07-24T10:39:51Z,5.587006088280061,https://github.com/EvilHat/awesome-security
awesome-security,0xh4di,NULL,1,2019-03-27T09:11:57Z,2.913200722983257,https://github.com/0xh4di/awesome-security
awesome-security,mrbreaker,A list of security-related links and tools that I find useful,1,2017-12-07T13:35:11Z,4.214069761542365,https://github.com/mrbreaker/awesome-security
awesome-security,Secop,NULL,0,2016-11-10T15:57:29Z,5.287771657787925,https://github.com/Secop/awesome-security
awesome_security,minkhant-dotcom,NULL,0,2020-05-01T15:27:59Z,1.8138551813800101,https://github.com/minkhant-dotcom/awesome_security
awesome-security,dinamsky,NULL,0,2017-03-04T19:29:17Z,4.975039922628108,https://github.com/dinamsky/awesome-security
awesome-security,qinguangjun,NULL,0,2019-05-19T00:32:56Z,2.7689827498731607,https://github.com/qinguangjun/awesome-security
awesome-security,orca-doc,security best repo,0,2020-04-27T01:34:22Z,1.826400114155251,https://github.com/orca-doc/awesome-security
Awesome-Security,devgunho,To study to the end to become a security expert,0,2021-04-28T06:37:10Z,0.8230842846270928,https://github.com/devgunho/Awesome-Security
awesome-security,Fedex100,NULL,0,2017-03-24T17:11:50Z,4.920506912734653,https://github.com/Fedex100/awesome-security
Awesome-Security,Nieuport,NULL,0,2020-01-26T00:05:37Z,2.0786237633181126,https://github.com/Nieuport/Awesome-Security
Security-Awesome,spy86,A collection of awesome software,0,2021-09-26T11:06:03Z,0.40887408041603246,https://github.com/spy86/Security-Awesome
awesome-security,Programming-Fun,NULL,0,2016-09-08T20:57:54Z,5.459802828513445,https://github.com/Programming-Fun/awesome-security
